,Mean Squared Error (MSE),Root Mean Squared Error (RMSE),Mean Absolute Error (MAE),Mean Absolute Percentage Error (MAPE),R^2 Score
Linear Regression,32.05107951812161,5.661367283450316,3.9382656370984637,5.4509052040342505,0.7803260723362014
Decision Tree,6.294639920166366,2.5089120989317992,1.507823664906414,2.098389884705813,0.956857357215988
Random Forest,1.5789173761742161,1.2565497905670973,0.7309466817450497,1.0403896793121699,0.9891783057951385
Support Vector Regressor,20.97130737690042,4.579444003031418,2.0494892609389073,3.4602700261716337,0.856265388592487
Neural Network (MLP),0.22732943591306184,0.47679076743689347,0.32061212038660225,0.4211802442569175,0.998441913632507
