,Mean Squared Error (MSE),Root Mean Squared Error (RMSE),Mean Absolute Error (MAE),Mean Absolute Percentage Error (MAPE),R^2 Score
Linear Regression,11.92954586147775,3.4539174659331033,1.59615856343711,0.12097783876045796,0.9996832187950555
Decision Tree,0.1374992790190289,0.3708089521829656,0.263492286808632,0.02299845261749585,0.9999963487975324
Random Forest,0.03468467809314609,0.18623822940832016,0.1382022308344959,0.011926498626499629,0.9999990789712997
Support Vector Regressor,16070.998677143767,126.77144267201413,107.42511778970751,9.388182437454368,0.5732452530279688
Neural Network (MLP),10.325445538286258,3.2133231300767524,2.0334357923253785,0.16057873744070345,0.9997258146188307
